{
    "loss": 0.15953528881072998,
    "accuracy": 0.9763610363006592
}